seq,species_cat
ccccataataccaacacaacattcctaatacttaaacaacaatacggggaggcaagtcgtaannnnnnnn,336
ccccataataacaacacaacattcctaatacttaaacaacaatacggggaggcaagtcgtaannnnnnnn,336
ccccccttaatatcaacacaacattcctaatacttaaacaacaatacggggaggcaagtcgtaannnnnn,336
ccccattaccaccaacacaacatttctaatacttagacaacaatacggggaggcaagtcgtaannnnnnn,336
ccccataataccaacacaacatttctaatacttaaacaacaatacggggaggcaagtcgtaannnnnnnn,336
ccccccactaaataaacatctattacttttatacacctaaattcccatgggggagacaagtcgtaannnn,100
ccccccccactaaataaacatctatacttttatacacctaaattcccatggggagacaagtcgtaannnn,100
cccccccccccccaaataaacatctattacttttatacacctaaattcccatgggggagacaagtcgtaa,100
cccccccaaataaacatctattacttttatacacctaaattcccatgggggagacaagtcgtaannnnnn,100
cccccactatagttaaacgtctattatttttatacacctaatattccccggggggagacaagtcgtaann,100
ccccccccccaytaaataaacatctattacttttatacacctaaattcccatgggggagacaagtcgtaa,97
ccccccccactataataaacatctataattttatacacctaaattcccatgggggagacaagtcgtaann,97
ccccccccccactataataaacatctattaattttatacacctaaactcccatggggaaracaagtcgta,97
cccccccataataaacatctattacctttatacacctaaattcccatgggggagacaagtcgtaannnnn,97
ccccccccactataataaacatctattaattttatacacctaaactcccatgggggagacaagtcgtaan,97
cccctcattaactatacaaagctatataacacaacctcttatactaaggggaggcaagtcgtaannnnnn,121
cccctcattaattatacaaagctatataacacaacctcttatactaaggggaggcaagtcgtaannnnnn,121
cccctctcacaaccacaaaagctatataacacaacctcttacaccaaggggaggcaagtcgtaannnnnn,121
cccctcccacaaccacaaaagctatataacacaacctcttacaccaaggggaggcaagtcgtaannnnnn,121
cccctcccacaaccacaaaaagctatataacacaacctcttacaccaaggggaggcaagtcgtaannnnn,121
ccctgaccctataacttaaagactagacacatcttttccggtgaaagggaggcaagtcgtaannnnnnnn,4
ccctgaccctctaacttaaagactagacatatcttttccggtgaaagggaggcaagtcgtaannnnnnnn,4
ccctaaccctataacttaaagaccagacatatctttccggtgaaagggaggcaagtcgtaannnnnnnnn,4
ccctaaccctataacttaaagaccaaacatatctttccggtgaaagggaggcaagtcgtaannnnnnnnn,4
ccctaaccctataacttaaagaccagacatatctttccggtgaaagggaggcaagtcgtaannnnnnnnn,4
ccctaatctaagcaaatcaagttattaacaacacaatatgaaaaacggggnnnnnnnnnnnnnnnnnnnn,259
ccctaatctaaacaaatcaagttactaacaatacaacatgaaaaacagggagataagtcgtaannnnnnn,259
ccctaatctgaacaaatcaagttactaacaacacaacatgaaaaacagggagataagtcgtaannnnnnn,259
ccctaatctaaacaaatcaagttactaacagtacaacatgaaaaacagggagataagtcgtaannnnnnn,259
ccctaatctaaacaaatcaagttactaacagtacaacatgaaaaacagggagataagtcgtaannnnnnn,259
cccctataacacaaaaaccaatatattaataagttaaccaataacacggggaggcaagtcgtannnnnnn,334
cccctataacacaaaaaccaatatattaataagttaaccaatagcacggggaggcaagtcgtaannnnnn,334
cccctattaacacaaaaaccaatatattaataattaaccaacaacatcggggaggcaagtcgtaannnnn,334
cccctattaacacaaaaaccaatatattaataagttaaccaataacacgggaggcaagtcgtaannnnnn,334
cccctataacacaaaaaccaatatattaataagttaaccaataacacggggaggcaagtcgtannnnnnn,334
ccccaataaaaactgaactaagtaagtaaccaataaattatactaacggggagataagtcgtannnnnnn,26
ccccaataaaaactgaactaagtaaataaccaataaattatactaacggggagataagtcgtannnnnnn,26
ccccaataaaaactaaattaagtaagtaaccattaattatactaacggggagataagtcgtaannnnnnn,26
ccccaataaaaactaaattaagtaagtaaccaattaattatactaacggggagataagtcgtannnnnnn,26
ccccaataaaaactaaattaagtaagtaaccattaattatactaacggggagataagtcgtaannnnnnn,26
cccctatcccactattaaagtaaataaccacattatatatcacacacggggaggcaagtcgtaannnnnn,65
cccctaccccactattaaagtaaataaccacattatacatcacacacggggaggcaagtcgtaannnnnn,65
cccctaccccactattaaagtaaataaccacattatacatcacatacggggaggcaagtcgtaannnnnn,65
cccctaccccactatcaaagtaaataaccacattatacatcacacggggaggcaagtcgtaannnnnnnn,65
cccctaccccactattaaagtaaataaccacattatacatcacatacggggaggcaagtcgtaannnnnn,65
cccctcatgtacacaattcaaatattcctaataatatacctgtcaacacggggaggcaagtcgtaannnn,27
cccctcatgtacacaattcaaatattcctaataatttacctgtcaacacggggaggcaagtcgtaannnn,27
cccctcatgtacacaattaaaatattcctaataatatacctgtcaacacggggaggcaagtcgtaannnn,27
cccctcatgtacacaattaaaatattcctaataatacacctgtcaacacggggaggcaagtcgtaannnn,27
cccctcatgtacacaattcaaatattcctaataatttacctgtcaacacggggaggcaagtcgtaannnn,27
ccccttcctattaaacctattaacatatctaatctcaaatacaaaaccacggggaggcaagtcgtaannn,15
ccccttcctattaaacctatcaacgtatctatctcaaatacaaaaccacggggaggcaagtcgtaannnn,15
ccccttcctattaaacctatcaacgtatctaatctcaaatacaaaaccacggggaggcaagtcgtaannn,15
ccccttcctattaaacctattaacatatctaatctcaaatacaaaaccacggggaggcaagtcgtaannn,15
ccccttcctattaaacctattaacatatctaatctcaaatacaaaaccacggggaggcaagtcgtaannn,15
ccccaatttttattttaccttttacattaaaaatttatatctcacaaggggaggcaagtcgtaannnnnn,207
ccccaatttttattttaccttttacattaaaaatttatacctcacaaggggaggcaagtcgtaannnnnn,207
ccccaatttttattttaccttttacattaaaaatttatacctcacarggggaggcaagtcgtaannnnnn,207
ccccaatttttattttaccttttacattaaaaatttatacctcacaaggggaggcaagtcgtaannnnnn,207
ccccaatttttattttaccttttacattaaaaatttatacctcacarggggaggcaagtcgtaannnnnn,207
ctccaactaccatccatactttttgaaggtaaaggagagacaagtcgtaannnnnnnnnnnnnnnnnnnn,20
ctccaactaccacccatactttttgaaggtaaaggagagacaagtcgtaannnnnnnnnnnnnnnnnnnn,20
ctccgaccaccacccatactttttgaaggtaaaggagagacaagtcgtaannnnnnnnnnnnnnnnnnnn,20
ctccgaccaccacccatactttttgaaggtaaaggagagacaagtcgtaannnnnnnnnnnnnnnnnnnn,20
ctccaactaccacccatactttttgaaggtaaaggagagacaagtcgtaannnnnnnnnnnnnnnnnnnn,20
ccccaaccttgagcctatgcaagtaagtaaccaaataatcataattacggggagataagtcgtaannnnn,250
ccccaacttgaactaagataagtaaataaccagttattatcattaacggggagataagtcgtannnnnnn,250
ccccaactttgagccagtacaagtaagtaaccaaataatcataaccacggggagataagtcgtannnnnn,250
ccccaacttgaactaagataagtaaataaccagttattatcattaacggggagataagtcgtannnnnnn,250
ccccaaccttgagcctatgcaagtaagtaaccaaataatcataattacggggagataagtcgtaannnnn,250
ccccaactttgaaccccataagtaaataaccaaacaattatcaataaacggggagataagtcgtaannnn,306
ccccaactttgaaccccacaagtaaataaccaaacaattatcaataaacggggagataagtcgtaannnn,306
ccccaactttgaactccataagtaaataaccaaacaattatcaataaacggggagataagtcgtaannnn,306
ccccaactttgaactccataagtaaataaccaaacaattatcaataaacggggagataagtcgtaannnn,306
ccccaactttgaaccccataagtaaataaccaaacaattatcaataaacggggagataagtcgtaannnn,306
ccccttcccatttaaccaaccaaatatttctaattccatatacaaacccacggggaggcaagtcgtaann,134
ccccttcccatttaaccaaccaaatatttctaatcccatatacaaacctacggggaggcaagtcgtaann,134
ccccttcccatttaaccaaccaaatatttctaatcccatatacaaacccacggggaggcaagtcgtaann,134
ccccttcccatttaaccaaccaaatatttctaattccatatacaaacccacggggaggcaagtcgtaann,134
ccccttcccatttaaccaaccaaatatttctaatcccatatacaaacccacggggaggcaagtcgtaann,134
ctcctaatctttaacttcaaccatttatataaaaatacacgctagcaaaggagagacaagtcgtaannnn,11
ctcctaatctttaactttaaccatttatataaaaatacatactagcaaaggagagacaagtcgtaannnn,11
ctcctaatctttaaccttaaccatttatataaaaatacatgctagcaaaggagagacaagtcgtaannnn,11
ctcctaatctttaaccttaaccatttatataaaaatacatgctagcaaaggagagacaagtcgtaannnn,11
ctcctaatctttaaccttaaccatttatataaaaatacatgctagcaaaggagagacaagtcgtaannnn,11
cccctctcaacacaaacccaacaaacaatcactaataactcaatcttaaacacggggaggcaagtcgtaa,297
cccctctcaacacaaacccaacaaacaattactaataacccaatcttaaacacggggaggcaagtcgtaa,297
cccctctcaacacaaacccaacaaacaatcactaawaactcaatcttaaacacggggaggctagtcgtaa,297
cccctctcaacacaaacccaacaaacaatcactaawaactcaatcttaaacacggggaggctagtcgtaa,297
cccctctcaacacaaacccaacaaacaattactaataacccaatcttaaacacggggaggcaagtcgtaa,297
ccccatataaacacaccaaataatctctaataatacaaccaccagcacggggaggcaagtcgtannnnnn,69
ccccatataaacacaccaaataatctctaataatacaaccaccagcacggggaggcaagtcgtaannnnn,69
ccccatataaacacaaaccaaataatctctaataacacaactaccagcacggggaggcaagtcgtaannn,69
ccccatataaacacaccaaataatctctaataatacaaccaccagcacggggaggcaagtcgtannnnnn,69
ccccatataaacacaaaccaaataatctctaataacacaactaccagcacggggaggcaagtcgtaannn,69
ctcctaatccttaattttaaccatttacataaaaattcatactagcaaaggagagacaagtcgtaannnn,10
ctcctaatctttaattttaaccatttacataaaaattcatgctagcaaaggagagacaagtcgtaannnn,10
ctcctaatctttaattctaaccatttacataaaaattcatactagcaaaggagagacaagtcgtaannnn,10
ctcctaatctttaattttaaccatttacataaaaattcatgctagcaaaggagagacaagtcgtaannnn,10
ctcctaatctttaattctaaccatttacataaaaattcatactagcaaaggagagacaagtcgtaannnn,10
ccccaaaccaccaaaccccaagatcaataatagttctgctaggaaaaggggaggcaagtcgtannnnnnn,341
ccccaaaccgccaaatcccaaatcaataataactttgctaggaaaaggggaggcaagtcgtaannnnnnn,341
ccccaaaccaccaaaccccaagatcaataatagttctgctaggaaaaggggaggcaagtcgtaannnnnn,341
ccccaaaccaccaaaccccaagatcaataatagttctgctaggaaaaggggaggcaagtcgtaannnnnn,341
ccccaaaccgccaaatcccaaatcaataataactttgctaggaaaaggggaggcaagtcgtaannnnnnn,341
ccctatatacccgtcattacaattcctaaacacaaggcttcccgactctgggaggaaagtcgtaannnnn,183
ccctatttaactgtcatcacaattcctaagcacaaggcctccagactctgggaggaaagtcgtaannnnn,183
ccctatttaaccgtcattacaattcctaaacacaaggcttcccgactctgggaggaaagtcgtaannnnn,183
ccctatttaaccgtcattacaattcctaaacacaaggcttcccgactctgggaggaaagtcgtaannnnn,183
ccctatatacccgtcattacaattcctaaacacaaggcttcccgactctgggaggaaagtcgtaannnnn,183
ccccaaacaatctcatcttatacaataataaatcatcaacctcaagaggggggacaagtcgtaannnnnn,354
ccccaaacaatctcaacttatacaataataaaccatcaacctcaagaggggggacaagtcgtaannnnnn,354
ccccaaacaatctcaacttatataataataaactaccaacctcaagaggggggacaagtcgtaannnnnn,354
ccccaaacaatctcatcttatacaataataaatcatcaacctcaagaggggggacaagtcgtaannnnnn,354
ccccaaacaatctcaacttatataataataaactaccaacctcaagaggggggacaagtcgtaannnnnn,354
ccccaccaccaccacataactattcctaatacttgaataaagacacggggaggcaagtcgtannnnnnnn,231
ccccaccaccaccacataacgattcctaatgcttgaataaagacacggggaggcaagtcgtaannnnnnn,231
ccccaccaccaccacataactattcctaatacttgaataaagacacggggaggcaagtcgtaannnnnnn,231
ccccaccaccaccacataacgattcctaatgcttgaataaagacacggggaggcaagtcgtaannnnnnn,231
ccccaccaccaccacataactattcctaatacttgaataaagacacggggaggcaagtcgtannnnnnnn,231
ccccacaaccacctaagccaataattaataaaacaaaatgttatacggggaggcaagtcgtaannnnnnn,151
ccccacacttattataaactaataattaatatactaaactagtacttacgaggagacaagtcrtaannnn,151
ccccacacttattataaactaataattaatatactaaactagtacttacgaggagacaagtcgtaannnn,151
ccccacacttattataaactaataattaatatactaaactagtacttacgaggagacaagtcrtaannnn,151
ccccacacttattataaactaataattaatatactaaactagtacttacgaggagacaagtcgtaannnn,151
ccccgaataaaactttaaagtacttaacacgccacaaaaaaacaaggggaggcaagtcgtannnnnnnnn,1
ccccgaataaaactttaaagtaattaacacgccacaaaaaaacaaggggaggcaagtcgtaannnnnnnn,1
ccccgaataaaactttaaagtacttaacgccacaaaaaaacaaggggaggcaagtcgtaannnnnnnnnn,1
ccccgaataaaactttaaagtaattaacacgccacaaaaaaacaaggggaggcaagtcgtaannnnnnnn,1
ccccgaataaaactttaaagtacttaacacgccacaaaaaaacaaggggaggcaagtcgtannnnnnnnn,1
ccccaatttttatttatcttttacattaaaaagctatgccctacaaggggaggcaagtcgtaannnnnnn,210
ccccaatttttattttatcttttacattaaaagctatgccctacaaggggaggcaagtcgtaannnnnnn,210
ccccaatttttattttatcttttacattaaaaagctatgccctacaaggggaggcaagtcgtaannnnnn,210
ccccaatttttattttatcttttacattaaaagctatgccctacaaggggaggcaagtcgtaannnnnnn,210
ccccaatttttatttatcttttacattaaaaagctatgccctacaaggggaggcaagtcgtaannnnnnn,210
cccctcatatataccatcaaaacattcctaataacttacaaatcagcacggggaggcaagtcgtaannnn,5
cccctcatatataccatcaaaacattcctaataatttacaaatcagcacggggaggcaagtcgtaannnn,5
cccctcatatataccatcaaaatattcctaataatttacaaatcaacacggggaggcaagtcgtaannnn,5
cccctcatatataccatcaaaacattcctaataacttacaaatcagcacggggaggcaagtcgtaannnn,5
cccctcatatataccatcaaaatattcctaataatttacaaatcaacacggggaggcaagtcgtaannnn,5
ccccaaacctacaaacactagattcataacacatctgtccggtaaaggggaggcaagtcgtaannnnnnn,130
ccccaaacctacaaacactagattcataacacatctatccggtaaaggggaggcaagtcgtaannnnnnn,130
ccccaaacctacaaaacactagattcataacacatctatccggtaaaggggaggcaagtcgtaannnnnn,130
ccccaaacctacaaaacactagattcataacacatctatccggtaaaggggaggcaagtcgtaannnnnn,130
ccccaaacctacaaacactagattcataacacatctatccggtaaaggggaggcaagtcgtaannnnnnn,130
cccctccgcgcatatgcaatttcggggaggcaagtcgtaannnnnnnnnnnnnnnnnnnnnnnnnnnnnn,46
cccctccgcgcatattgcaatttcggggaggcaagtcgtaannnnnnnnnnnnnnnnnnnnnnnnnnnnn,46
cccctccgcgcatattgcaatttcggggaggcaagtcgtannnnnnnnnnnnnnnnnnnnnnnnnnnnnn,46
cccctccgcgcatattgcaatttcggggaggcaagtcgtaannnnnnnnnnnnnnnnnnnnnnnnnnnnn,46
cccctccgcgcatattgcaatttcggggaggcaagtcgtannnnnnnnnnnnnnnnnnnnnnnnnnnnnn,46
ccccttcctatcactataactaagtatacctaaatacccacataaacccacggggaggcaagtcgtaann,125
ccccttcctactactattaactaaatatacctaaatacccatataaacccacggggaggcaagtcgtann,125
ccccttcctactactattaactaaatatacctaaatacccatataaacccacggggaggcaagtcgtaan,125
ccccttcctatcactataactaagtatacctaaatacccacataaacccacggggaggcaagtcgtaann,125
ccccttcctactactattaactaaatatacctaaatacccatataaacccacggggaggcaagtcgtaan,125
cccctcctacacgaccacaaacaccattcataataataatactaaaacacggggaggcaagtcgtaannn,193
cccctcctatccaactacaaataccatccataataacaacactaaaacacggggaggcaagtcgtaannn,193
cccctcctacacgactacaacaccattcataataacaacactaaaacacggggaggcaagtcgtaannnn,193
cccctcctatccaactacaaataccatccataataacaacactaaaacacggggaggcaagtcgtaannn,193
cccctcctacacgaccacaaacaccattcataataataatactaaaacacggggaggcaagtcgtaannn,193
ccccgattaccacttaactagtaaataaccataaatttttatacgaggggagataagtcgtaannnnnnn,156
ccccgattaccacttaactagtaaataaccataaatttttatacgaggggagataagtcgtannnnnnnn,156
ccccgattaccacttaactagtaaayaaccataaatttttatacgaggggagataagtcgtaannnnnnn,156
ccccgattaccacttaactagtaaayaaccataaatttttatacgaggggagataagtcgtaannnnnnn,156
ccccgattaccacttaactagtaaayaaccataaatttttatacgaggggagataagtcgtaannnnnnn,156
ccccacttaaattaatatcaacaagtatgtaactaaataatcaataaaacggggaggcaagtcgtaannn,286
ccccacttaagttaatatcaacaagtatgtaactaaacactcaataaaacggggaggcaagtcgtaannn,286
ccccacttaagttaatatcaacaagtatgtaactaaacaatcaataaaacggggaggcaagtcgtaannn,286
ccccacttaaattaatatcaacaagtatgtaactaaataatcaataaaacggggaggcaagtcgtaannn,286
ccccacttaagttaatatcaacaagtatgtaactaaacaatcaataaaacggggaggcaagtcgtaannn,286
ccccatcacaattaaactatatacatacttaagtatacaacaaaaatattcagggaggcaagtcgtaann,224
ccccatcacaattaaactatatacatacttaagtatgcaacaaaaatactcggggaggcaagtcgtannn,224
ccccatcacaattaaactatatacatacttaagtatgcaacaaaaatactcggggaggcaagtcgtaann,224
ccccatcacaattaaactatatacatacttaagtatacaacaaaaatattcagggaggcaagtcgtaann,224
ccccatcacaattaaactatatacatacttaagtatgcaacaaaaatactcggggaggcaagtcgtannn,224
ccccacctctactaacaactatctctaatacttgaacagaatcacggggaggcaagtcgtaannnnnnnn,161
ccccacctctactaacaactatttctaatacttagacaagaatcacggggaggcaagtcgtaannnnnnn,161
ccccacctctactaacaactatttctaatatttaaacaagaatcacggggaggcaagtcgtaannnnnnn,161
ccccacctctactaacaactatttctaatatttaaacaagaatcacggggaggcaagtcgtaannnnnnn,161
ccccacctctactaacaactatctctaatacttgaacagaatcacggggaggcaagtcgtaannnnnnnn,161
cccctcttaaactcttaaaaataattactaataagatagcctttatatacggggaggcaagtcgtaannn,298
cccctcttaaactcttaaaaaatgattactaataagacaacctttattatacggggaggcaagtcgtaan,298
cccctcttaaactcttaaaaataattactaataaaatagcctttatatacggggaggcaagtcgtaannn,298
cccctcttaaactcttaaaaaatgattactaataagacaacctttattatacggggaggcaagtcgtaan,298
cccctcttaaactcttaaaaataattactaataaaatagcctttatatacggggaggcaagtcgtaannn,298
cccccacataaaacaataaaataactaataacacacaattaaatccggggaggcaagtcgtaannnnnnn,61
cccccacataaaataataaaataactaataatatacaatcaaacccggggaggcaagtcgtaannnnnnn,61
cccccacataaaacaataaaataactaataatacacaattaaatccggggaggcaagtcgtaannnnnnn,61
cccccacataaaataataaaataactaataatatacaatcaaacccggggaggcaagtcgtaannnnnnn,61
cccccacataaaacaataaaataactaataatacacaattaaatccggggaggcaagtcgtaannnnnnn,61
ccccataaatttaattcacagtagttaaccaaataaaaagaaaagcggggaggcaagtcgtaannnnnnn,252
ccccataaaatttaattcacagtagttaaccaaataaaaagaaaagcggggaggcaagtcgtannnnnnn,252
ccccataaatttaattcacagtagttaaccaaataaaaagaaaagcggggaggcaagtcgtannnnnnnn,252
ccccataaaatttaattcacagtagttaaccaaataaaaagaaaagcggggaggcaagtcgtannnnnnn,252
ccccataaaatttaattcacagtagttaaccaaataaaaagaaaagcggggaggcaagtcgtannnnnnn,252
cccccccgcacactttaatgcaacttcggggagataagtcgtannnnnnnnnnnnnnnnnnnnnnnnnnn,49
cccccccccgcacactttaatgcaacttcggggagatnagtcgtannnnnnnnnnnnnnnnnnnnnnnnn,49
cccccccgcacactttaatgcaacttcggggagataagtcgtaannnnnnnnnnnnnnnnnnnnnnnnnn,49
cccccccccgcacactttaatgcaacttcggggagatnagtcgtannnnnnnnnnnnnnnnnnnnnnnnn,49
cccccccccgcacactttaatgcaacttcggggagatnagtcgtannnnnnnnnnnnnnnnnnnnnnnnn,49
ccccccgcacatatttcaaacattcctaataatacaccagtcaacacggggaggcaagtcgtaannnnnn,366
ccccccgcacatatntcaaacattcctaataatatactagtcaccacggggaggcaagtcgtaannnnnn,366
ccccccgcacatattcaaacattcctaataatacaccagtcaacacggggaggcaagtcgtaannnnnnn,366
ccccccgcacatatttcaaacattcctaataatacaccagtcaacacggggaggcaagtcgtaannnnnn,366
ccccccgcacatatntcaaacattcctaataatatactagtcaccacggggaggcaagtcgtaannnnnn,366
cccctaaccaactaaaccctaaattcataatacccctacctggtaaagaggagaaagtcgtaannnnnnn,133
cccctaaccaactaaaccctaaattcataatacccctacctggtaaagaggagaaaagtcgtaannnnnn,133
cccctaaccaactaaaccctaaattcataatacccctgcctggtaaagaggagaaaagtcgtaannnnnn,133
cccctaaccaactaaaccctaaattcataatacccctgcctggtaaagaggagaaaagtcgtaannnnnn,133
cccctaaccaactaaaccctaaattcataatacccctacctggtaaagaggagaaagtcgtaannnnnnn,133
ccccttcccatcacaattaactaaacataattaattatacacattaaactacggggaggcaagtcgtaan,186
ccccttcccatcacaattaactaaatataattaattatacacattaaactacggggaggcaagtcgtaan,186
ccccctcccatcacaattaactaaacataattaattatacacattaaactacggggaggcaagtcgtaan,186
ccccttcccatcacaattaactaaacataattaattatacacattaaactacggggaggcaagtcgtaan,186
ccccctcccatcacaattaactaaacataattaattatacacattaaactacggggaggcaagtcgtaan,186
cctcaccacccaacacatatgtaaaaaccaataagtcagtgaaacgaggaggcaagtcgtaannnnnnnn,78
cctcaccacccaacatatatgtaaaaaccaataagttagtgaaacgaggaggcaagtcgtaannnnnnnn,78
cctcaccacccaacacatatgtaaaaaccaataagttagtgaaacgaggaggcaagtcgtaannnnnnnn,78
cctcaccacccaacacatatgtaaaaaccaataagttagtgaaacgaggaggcaagtcgtaannnnnnnn,78
cctcaccacccaacacatatgtaaaaaccaataagttagtgaaacgaggaggcaagtcgtaannnnnnnn,78
ccccaaacctacacaacgctggtacataacacatctacccggtaaaggggaggcaagtcgtaannnnnnn,128
ccccaaacctacataacgctagtacataacacatctacccggtaaaggggaggcaagtcgtaannnnnnn,128
ccccaaacctacataacgctaggtacataacacatctacccggtaaaggggaggcaagtcgtaannnnnn,128
ccccaaacctacacaacgctggtacataacacatctacccggtaaaggggaggcaagtcgtaannnnnnn,128
ccccaaacctacataacgctaggtacataacacatctacccggtaaaggggaggcaagtcgtaannnnnn,128
cccttcattcactatctatgtttataaccaaccacaaattatatgacagggaggcaagtcgtaannnnnn,243
cccttcattcactatatacgtttataaccaaccacaaattatatgacagggaggcaagtcgtaannnnnn,243
cccttcattctctacctacgtaaataaccaaccataaattacatgacagggaggcaagtcgtaannnnnn,243
cccttcattcactatatacgtttataaccaaccacaaattatatgacagggaggcaagtcgtaannnnnn,243
cccttcattcactatctatgtttataaccaaccacaaattatatgacagggaggcaagtcgtaannnnnn,243
ccccataaaatttaattccagtaattaaccaaataaagtctatagcggggaggcaagtcgtaannnnnnn,359
ccccataaaatttaattcmagtaattaaccaaataaagtctatagcggggaggcaagtcgtaannnnnnn,359
ccccgcaaagtctaattcaagtaattaactaaacaaaatcttaaatcggggaggcaagtcgtaannnnnn,359
ccccataaaatttaattcmagtaattaaccaaataaagtctatagcggggaggcaagtcgtaannnnnnn,359
ccccataaaatttaattcmagtaattaaccaaataaagtctatagcggggaggcaagtcgtaannnnnnn,359
cccctaaaaatactaaacctagtaattaaccaaactacttaaaagtcggggaggcaagtcgtaannnnnn,267
cccctaaaaatactaaacctagtaattaactaaactacttaaaagtcggggaggcaagtcgtaannnnnn,267
cccctaaaaatactaaacctagtaattaactaaactacttaaaagtcggggaggcaagtcgtaannnnnn,267
cccctaaaaatactaaacctagtaattaaccaaactacttaaaagtcggggaggcaagtcgtaannnnnn,267
cccctaaaaatactaaacctagtaattaaccaaactacttaaaagtcggggaggcaagtcgtaannnnnn,267
ccctaacttaaatataacactttaacatatataaccaaataaacccgaaagcagggaggcaagtcgtaan,67
ccctaacttatatgtaacactttaacgtatgtaaccaaataaacccgaaagcagggaggcaagtcgtaan,67
ccctaacttatatgtaacactttaacgtatgtaaccaaataaacccgaaagcagggaggcaagtcgtaan,67
ccctaacttatatgtaacactttaacgtatgtaaccaaataaacccgaaagcagggaggcaagtcgtaan,67
ccctaacttatatgtaacactttaacgtatgtaaccaaataaacccgaaagcagggaggcaagtcgtaan,67
ccctcacacaacacaaaccaaataatacccaataacacaactatcaacacggggaggcaagtcgtaannn,68
ccctcgcacagcacaaaccaaataatacccaataacacaactattaacacggggaggcaagtcgtaannn,68
ccctcgcacagcacaaaccaaataatacccaataacacaactattaacacggggaggcaagtcgtaannn,68
ccctcacacaacacaaaccaaataatacccaataacacaactatcaacacggggaggcaagtcgtaannn,68
ccctcgcacagcacaaaccaaataatacccaataacacaactattaacacggggaggcaagtcgtaannn,68
ccccttccactataattaaccaaaacatacctaatcacatatacaaaactacggggaggcaagtcgtaan,320
ccccttccactataatcaaccaaaacatacctaatcacatatacaaaactacggggaggcaagtcgtaan,320
ccccttccactataattaaccaaaacatacctaatcacatatacaaaactacggggaggcaagtcgtaan,320
ccccttccactataatcaaccaaaacatacctaatcacatatacaaaactacggggaggcaagtcgtaan,320
ccccttccactataattaaccaaaacatacctaatcacatatacaaaactacggggaggcaagtcgtaan,320
ccccaacatctacttaccttttatataaaaactaacatttttaaaggggaggcaagtcgtaannnnnnnn,209
ctccaacacccacttaccttttacattaaaaacctaatacttttaaaggggaggcaagtcgtaannnnnn,209
ccccaacatctacttaccttttatataaaaactaacatttttaaaggggaggcaagtcgtaannnnnnnn,209
ccccaacatctacttaccttttatataaaaactaacatttttaaaggggaggcaagtcgtaannnnnnnn,209
ccccaacatctacttaccttttatataaaaactaacatttttaaaggggaggcaagtcgtaannnnnnnn,209
ccccaagccaacaacatttctaattcataatatccctttccggtaaaggggaggcaagtcgtaannnnnn,71
ccccaagccaacaacatttctaattcataatgtccctttccggtaaaggggaggcaagtcgtaannnnnn,71
ccccaagccaacaacatttctaattcataatgtccctttccggtaaaggggaggcaagtcgtaannnnnn,71
ccccaagccaacaacatttctaattcataatgtccctttccggtaaaggggaggcaagtcgtaannnnnn,71
ccccaagccaacaacatttctaattcataatgtccctttccggtaaaggggaggcaagtcgtaannnnnn,71
cccctgcctactataaaacaattatacttaattactaacacaaaactacggggaggcaagtcgtaannnn,147
cccctacctactataaaacaattatacttaattactaacacaaaactacggggaggcaagtcgtaannnn,147
cccctacctactataaaacaattatacttaattactaacacaaaactacggggaggcaagtcgtaannnn,147
cccctacctactataaaacaattatacttaattactaacacaaaactacggggaggcaagtcgtaannnn,147
cccctgcctactataaaacaattatacttaattactaacacaaaactacggggaggcaagtcgtaannnn,147
cccctataaaccccaaatatgtaaataaccaaagactccataaaacggggagataagtcgtannnnnnnn,179
cccctataaaacccaaatatgtaaataaccaaagactccataaaacggggagataagtcgtaannnnnnn,179
cccctataaaacccaaatatgtaaataaccaaagactccataaaacggggagataagtcgtaannnnnnn,179
cccctataaaacccaaatatgtaaataaccaaagactccataaaacggggagataagtcgtaannnnnnn,179
cccctataaaacccaaatatgtaaataaccaaagactccataaaacggggagataagtcgtaannnnnnn,179
ccccattttatatttataaccatttaagtaaaaaaacaacccaaaaagcggggaggcaagtcgtannnnn,153
ccccattttatatttataaccatttaagtaaaaaaacaacccaaatagcggggaggcaagtcgtaannnn,153
ccccattttatatttataaccatttaagtaaaaaaacaacccaaatagcggggaggcaagtcgtaannnn,153
ccccattttatatttataaccatttaagtaaaaaaacaacccaaaaagcggggaggcaagtcgtannnnn,153
ccccattttatatttataaccatttaagtaaaaaaacaacccaaaaagcggggaggcaagtcgtannnnn,153
ccccttctactcaaccacaaactatttataataacaaaaactaaaaatgcggggaggcaagtcgtaannn,192
ccccttctattcaaccacaaactatttataataacaaaaactaaaatgcggggaggcaagtcgtaannnn,192
ccccttctactcaaccacaaactatttataataacaaaaactaaaaatgcggggaggcaagtcgtaannn,192
ccccttctactcaaccacaaactatttataataacaaaaactaaaaatgcggggaggcaagtcgtaannn,192
ccccttctattcaaccacaaactatttataataacaaaaactaaaatgcggggaggcaagtcgtaannnn,192
ccccacaatatctaaattagtaactaaccccatactttttctacggggaggcaagtcgtaannnnnnnnn,127
cccccacaatatctaaattagtaactaaccccatactttttctacggggaggcaagtcgtaannnnnnnn,127
ccccacaatatctaaattagtaactaaccccatactttttctacggggaggcaagtcgtaannnnnnnnn,127
cccccacaatatctaaattagtaactaaccccatactttttctacggggaggcaagtcgtaannnnnnnn,127
cccccacaatatctaaattagtaactaaccccatactttttctacggggaggcaagtcgtaannnnnnnn,127
cccccccccccccatcttaaaaaagtaaataacaacctatttatccgcgcggggaggcaagtcgtaannn,238
cccccccccatcttaaaaaagtaaataacaacctatttatccgcgcggggaggcaagtcgtaannnnnnn,238
cccccccccatcttaaaaaagtaaataacaacctatttatccgcgcggggaggcaagtcgtaannnnnnn,238
cccccccccatcttaaaaaagtaaataacaacctatttatccgcgcggggaggcaagtcgtaannnnnnn,238
cccccccccccccatcttaaaaaagtaaataacaacctatttatccgcgcggggaggcaagtcgtaannn,238
ccccatcagcttttacacaagtaaataaccaaaaaatacatgaaacggggaggcaagtcgtaannnnnnn,331
ccccatcagcttttacacaagtaaataaccaaaaaatatatgaaacggggaggcaagtcgtaannnnnnn,331
ccccatcagcttttacacaagtaaataaccaaaaaatacatgaaacggggaggcaagtcgtaannnnnnn,331
ccccatcagcttttacacaagtaaataaccaaaaaatatatgaaacggggaggcaagtcgtaannnnnnn,331
ccccatcagcttttacacaagtaaataaccaaaaaatacatgaaacggggaggcaagtcgtaannnnnnn,331
ccccatcgactatcatccaagtaaataactaaacgaaacaagaaacggggaggcaagtcgtaannnnnnn,171
ccccatttattaaacaaaacagtaaataaccaaacatactaccaagcggggaggcaagtcgtaannnnnn,171
ccccatttattaaacaaaacagtaaataaccaaacatactaccaagcggggaggcaagtcgtaannnnnn,171
ccccatcgactatcatccaagtaaataactaaacgaaacaagaaacggggaggcaagtcgtaannnnnnn,171
ccccatcgactatcatccaagtaaataactaaacgaaacaagaaacggggaggcaagtcgtaannnnnnn,171
cccctctaaacaacccacaacaatacttaaacaccacacataccagtaggagagacaagtcgtaannnnn,139
cccctctaaacaacccacaacaatacttaaacatcacacataccagtaggagagacaagtcgtaannnnn,139
cccctctaaacaacccacaacaatacttaaacaccacacataccagtaggagagacaagtcgtaannnnn,139
cccctctaaacaacccacaacaatacttaaacatcacacataccagtaggagagacaagtcgtaannnnn,139
cccctctaaacaacccacaacaatacttaaacatcacacataccagtaggagagacaagtcgtaannnnn,139
ccccccccactaaataaacatctattacttttatacacctaaattcccatgggggagacaagtcgtaann,101
cccccccactaaataaacatctatacttttatacacctaaattcccatgggggagacaagtcgtaannnn,101
ccccccccactaaataaacatctattacttttatacacctaaattcccatgggggagacaagtcgtaann,101
ccccccccactaaataaacatctattacttttatacacctaaattcccatgggggagacaagtcgtaann,101
ccccccccactaaataaacatctattacttttatacacctaaattcccatgggggagacaagtcgtaann,101
cccccacacacctttcaaaagtaattaaccttccattacaaacccacggggaggcaagtcgtaannnnnn,237
cccccgcacacctttcaaaagtaattaaccttctattacaaacccacggggaggcaagtcgtaannnnnn,237
cccccacacacctttcaaaagtaattaaccttccattacaaacccacggggaggcaagtcgtaannnnnn,237
cccccacacacctttcaaaagtaattaaccttccattacaaacccacggggaggcaagtcgtaannnnnn,237
cccccgcacacctttcaaaagtaattaaccttctattacaaacccacggggaggcaagtcgtaannnnnn,237
ccccgacaaccaacaaccagataaataaccagacatactcaagataaggggaggcaagtcgtaannnnnn,31
ccccgacaaccaacaaccaggtaaataaccagacatactcaagataaggggaggcaagtcgtannnnnnn,31
ccccgacaaccaacaaccaggtaaataaccagacatactcaagataaggggaggcaagtcgtannnnnnn,31
ccccgacaaccaacaaccagataaataaccagacatactcaagataaggggaggcaagtcgtaannnnnn,31
ccccgacaaccaacaaccaggtaaataaccagacatactcaagataaggggaggcaagtcgtannnnnnn,31
ccctggcccgatactttaagtatttccttttcggtataagggaggcaagtcgtaannnnnnnnnnnnnnn,75
ccctggcccgctactttaagtatttccttttcggtataagggaggcaagtcgtaannnnnnnnnnnnnnn,75
ccctggcccgatactttaagtatttccttttcggtataagggaggcaagtcgtaannnnnnnnnnnnnnn,75
ccctggcccgctactttaagtatttccttttcggtataagggaggcaagtcgtaannnnnnnnnnnnnnn,75
ccctggcccgatactttaagtatttccttttcggtataagggaggcaagtcgtaannnnnnnnnnnnnnn,75
ccccaactttaacttaaacatgtaattaaccagataattaataccacggggagataagtcgtaannnnnn,159
ccccaactttaacttaaacatgtaattaaccagacaattaataccacggggagataagtcgtannnnnnn,159
ccccaactttaacttaaacatgtaattaaccagacaattaataccacggggagataagtcgtannnnnnn,159
ccccaactttaacttaaacatgtaattaaccagataattaataccacggggagataagtcgtaannnnnn,159
ccccaactttaacttaaacatgtaattaaccagataattaataccacggggagataagtcgtaannnnnn,159
ccccatgccctcaacaaaacagtaaataacaaaacataatagcttacggggaggcaagtcgtaannnnnn,124
ccccatgccctcaacaaaaaagtaaataacaaaatataatagcttacggggaggcaagtcgtaannnnnn,124
ccccatgccctcaacaaaacagtaaataacaaaacataatagcttacggggaggcaagtcgtaannnnnn,124
ccccatgccctcaacaaaacagtaaataacaaaacataatagcttacggggaggcaagtcgtaannnnnn,124
ccccatgccctcaacaaaaaagtaaataacaaaatataatagcttacggggaggcaagtcgtaannnnnn,124
ccccttatcttacacacacaagtaaataaccaaatcaatacttcagcggggaggcaagtcgtaannnnnn,347
ccccttatcttacacacacaggtaaataaccaaatcaacacttcagcggggaggcaagtcgtaannnnnn,347
ccccttatcttacacacacaggtaaataaccaaatcaacacttcagcggggaggcaagtcgtaannnnnn,347
ccccttatcttacacacacaggtaaataaccaaatcaacacttcagcggggaggcaagtcgtaannnnnn,347
ccccttatcttacacacacaggtaaataaccaaatcaacacttcagcggggaggcaagtcgtaannnnnn,347
ccccccacccaacacacacccataacttttatacaccctctgactccggggggagacaagtcgtaannnn,98
ccccccacccaacacacacccataacttttatacaccctctaactccggggggagacaagtcgtaannnn,98
ccccccacccaacacacacccataacttttatacaccctctaactccggggggagacaagtcgtaannnn,98
ccccccacccaacacacacccataacttttatacaccctctgactccggggggagacaagtcgtaannnn,98
ccccccacccaacacacacccataacttttatacaccctctgactccggggggagacaagtcgtaannnn,98
cttttatccgccacttaaagatccaaatcttttccggcagaggagaggcaagtcgtaannnnnnnnnnnn,266
cttttatccgccacttaaagatcccaatcttttccggcagaggagaggcaagtcgtaannnnnnnnnnnn,266
cttttatccgccacttaaagatccaaatcttttccggcagaggagaggcaagtcgtaannnnnnnnnnnn,266
cttttatccgccacttaaagatcccaatcttttccggcagaggagaggcaagtcgtaannnnnnnnnnnn,266
cttttatccgccacttaaagatcccaatcttttccggcagaggagaggcaagtcgtaannnnnnnnnnnn,266
ccccttcctaccactactaattaattatacctaattactttcataagaccacggggaggcaagtcgtaan,103
ccccctcctaccaccactaattaattatacctaattattttcataagaccacggggaggcaagtcgtaan,103
ccccctcctaccaccactaattaattatacctaattattttcataagaccacggggaggcaagtcgtaan,103
ccccttcctaccactactaattaattatacctaattactttcataagaccacggggaggcaagtcgtaan,103
ccccttcctaccactactaattaattatacctaattactttcataagaccacggggaggcaagtcgtaan,103
ccccccttcctaccactaaagtaaataaccaaacataaattatatcacggggaggcaagtcgtaannnnn,239
ccccccttcctaccactaaagtaaataaccaaacataaattatgtcacggggaggcaagtcgtaannnnn,239
ccccccttcctaccactaaagtaaataaccaaacataaattatgtcacggggaggcaagtcgtaannnnn,239
ccccccttcctaccactaaagtaaataaccaaacataaattatgtcacggggaggcaagtcgtaannnnn,239
ccccccttcctaccactaaagtaaataaccaaacataaattatatcacggggaggcaagtcgtaannnnn,239
ccccgataactaccaatcaagtaaataaccataaaattctctacaaggggagataagtcgtaannnnnnn,157
ccccgataactaccaatcaagtaagtaaccataaaattctctataaggggagataagtcgtaannnnnnn,157
ccccgataactaccaatcaagtaagtaaccataaaattctctataaggggagataagtcgtaannnnnnn,157
ccccgataactaccaatcaagtaagtaaccataaaattctctataaggggagataagtcgtaannnnnnn,157
ccccgataactaccaatcaagtaaataaccataaaattctctacaaggggagataagtcgtaannnnnnn,157
ccccaataatatactaaactcagtaaataaccaaaaaattaataaaacggggagataagtcgtaannnnn,196
ccccaataatatactaaacttagtaaataaccagaaaattaataaaacggggagataagtcgtaannnnn,196
ccccaataatatactaaactcagtaaataaccaaaaaattaataaaacggggagataagtcgtaannnnn,196
ccccaataatatactaaactcagtaaataaccaaaaaattaataaaacggggagataagtcgtaannnnn,196
ccccaataatatactaaactcagtaaataaccaaaaaattaataaaacggggagataagtcgtaannnnn,196
ccccttaattcaaaactcagtaaataacttcacattatatttattaggggaggcaagtcgtaannnnnnn,57
ccccttaactcaaaacttagtaaataacttcacataacatttattcggggaggcaagtcgtaannnnnnn,57
ccccttaattcaaaactcagtaaataacttcacattatatttattaggggaggcaagtcgtaannnnnnn,57
ccccttaactcaaaacttagtaaataacttcacataacatttattcggggaggcaagtcgtaannnnnnn,57
ccccttaactcaaaacttagtaaataacttcacataacatttattcggggaggcaagtcgtaannnnnnn,57
ccccaacatgtacttattatagtaaataaccaaacacacttcagaacggggaggcaagtcgtaannnnnn,181
ccccaacatgtatttattatagtaaataactaaacacacttcagaacggggaggcaagtcgtaannnnnn,181
ccccaacatgtatttattatagtaaataactaaacacacttcagaacggggaggcaagtcgtaannnnnn,181
ccccaacatgtacttattatagtaaataaccaaacacacttcagaacggggaggcaagtcgtaannnnnn,181
ccccaacatgtatttattatagtaaataactaaacacacttcagaacggggaggcaagtcgtaannnnnn,181
ccccttttacctaacccagacgtaaataaccaaatatacttcacagcggggaggcaagtcgtaannnnnn,264
ccccttttacctaacccagacgtaaataaccaaatatacttcacagcggggaggcaagtcgtannnnnnn,264
ccccttttacctaacccagacgtaaataaccaaatatacttcacagcggggaggcaagtcgtannnnnnn,264
ccccttttacctaacccagacgtaaataaccaaatatacttcacagcggggaggcaagtcgtaannnnnn,264
ccccttttacctaacccagacgtaaataaccaaatatacttcacagcggggaggcaagtcgtannnnnnn,264
cccctaataacaccaaaatttgtatataaccaaactactttaaactcggggaggcaagtcgtaannnnnn,268
cccctaataacaccaaaatttgtataataaccaaactactttaaactcggggaggcaagtcgtaannnnn,268
cccctaataacaccaaaatttgtatataaccaaactactttaaactcggggaggcaagtcgtaannnnnn,268
cccctaataacaccaaaatttgtatataaccaaactactttaaactcggggaggcaagtcgtaannnnnn,268
cccctaataacaccaaaatttgtatataaccaaactactttaaactcggggaggcaagtcgtaannnnnn,268
ccccttaaatttaataacacacatccataataacacaaacatcaccgcggggaggcaagtcgtannnnnn,118
ccccttaaatttaacaacacatccataataacacaaacatcaccgcggggaggcaagtcgtaannnnnnn,118
ccccttaaatttaacaacacatccataataacacaaacatcaccgcggggaggcaagtcgtaannnnnnn,118
ccccttaaatttaacaacacatccataataacacaaacatcaccgcggggaggcaagtcgtaannnnnnn,118
ccccttaaatttaataacacacatccataataacacaaacatcaccgcggggaggcaagtcgtannnnnn,118
ccccgacactcaacaaacaagtatataaccaaatatcctcacatctaaggggaggcaagtcgtaannnnn,165
ccccgacactcaataaacaagtaaataaccaaacattcttagtaccaaggggaggcaagtcgtaannnnn,165
ccccgacactcaataaacaagtaaataaccaaacattcttagtaccaaggggaggcaagtcgtaannnnn,165
ccccgacactcaataaacaagtaaataaccaaacattcttagtaccaaggggaggcaagtcgtaannnnn,165
ccccgacactcaacaaacaagtatataaccaaatatcctcacatctaaggggaggcaagtcgtaannnnn,165
ccccaaactaactcaacctctgtaaataaaataataccacagtaaaggggaggcaagtcgtaannnnnnn,299
ccccaaactaacacaacccctgtaaataaaataccaccacagtaaaggggaggcaagtcgtaannnnnnn,299
ccccaaactaactcaacctctgtaaataaaataataccacagtaaaggggaggcaagtcgtaannnnnnn,299
ccccaaactaacacaacccctgtaaataaaataccaccacagtaaaggggaggcaagtcgtaannnnnnn,299
ccccaaactaactcaacctctgtaaataaaataataccacagtaaaggggaggcaagtcgtaannnnnnn,299
cccctactaacataataaaccatatattaataacacaaccaacaacacggggaggcaagtcgtaannnnn,290
cccctaccaacataataaaccatatattaataacacaaccaacaacacggggaggcaagtcgtaannnnn,290
cccctactaacataataaaccatatattaataacacaaccaacaacacggggaggcaagtcgtaannnnn,290
cccctactaacataataaaccatatattaataacacaaccaacaacacggggaggcaagtcgtaannnnn,290
cccctactaacataataaaccatatattaataacacaaccaacaacacggggaggcaagtcgtaannnnn,290
ccccaacaaccctgactcaccggtaactttaacccaaaacacaacgaaaggggaggcaagtcgtaannnn,12
ccccaacaaccctgactcaccggtaactttaacccaaaacacaacgaaggggaggcaagtcgtaannnnn,12
ccccaacaaccctgactcaccggtaactttaacccaaaacacaacgaaaggggaggcaagtcgtaannnn,12
ccccaacaaccctgactcaccggtaactttaacccaaaacacaacgaaaggggaggcaagtcgtaannnn,12
ccccaacaaccctgactcaccggtaactttaacccaaaacacaacgaaaggggaggcaagtcgtaannnn,12
cccctttacctaacctacacaagtaaataaccaaaaatacttcacagcggggaggcaagtcgtaannnnn,263
ccccttttacctaacctacacgtaaataaccaaaaatacttcacagcggggaggcaagtcgtannnnnnn,263
cccctttacctaacctacacaagtaaataaccaaaaatacttcacagcggggaggcaagtcgtaannnnn,263
cccctttacctaacctacacaagtaaataaccaaaaatacttcacagcggggaggcaagtcgtaannnnn,263
cccctttacctaacctacacaagtaaataaccaaaaatacttcacagcggggaggcaagtcgtaannnnn,263
ccccatcattaccaatcaaccatttctaatatcaaaacaacaacacggggaggcaagtcgtaannnnnnn,339
ccccatcattaccaatctaccttttctaatatcttatcaacacacggggagggaagtcgtaannnnnnnn,339
ccccatcattaccaatcaaccatttctaatatcaaaacaacaacacggggaggcaagtcgtaannnnnnn,339
ccccatcattaccaatctaccttttctaatatcttatcaacacacggggagggaagtcgtaannnnnnnn,339
ccccatcattaccaatctaccttttctaatatcttatcaacacacggggagggaagtcgtaannnnnnnn,339
ccccaacgaacataaacccaatatatttaataagtcacacatcagcacggggaggcaagtcgtaannnnn,131
ccccaacgaacataaacccaatatatttaataagtcacacatcagcacggggaggcaagtcgtannnnnn,131
ccccaacgaacataaacccaatatatttaataagtcacacatcagcacggggaggcaagtcgtaannnnn,131
ccccaacgaacataaacccaatatatttaataagtcacacatcagcacggggaggcaagtcgtannnnnn,131
ccccaacgaacataaacccaatatatttaataagtcacacatcagcacggggaggcaagtcgtannnnnn,131
cttttatccgccacttaaagaccccaatcttttccggcagaggagaggcaagtcgtaannnnnnnnnnnn,265
cttttatccgccacttaaagaccccaatctttttcggcagaggagaggcaagtcgtaannnnnnnnnnnn,265
cttttatccgccacttaaagaccccaatctttttcggcagaggagaggcaagtcgtaannnnnnnnnnnn,265
cttttatccgccacttaaagaccccaatctttttcggcagaggagaggcaagtcgtaannnnnnnnnnnn,265
cttttatccgccacttaaagaccccaatctttttcggcagaggagaggcaagtcgtaannnnnnnnnnnn,265
ccccttcctattaaacctatcaacgtatctaatctcaaatacaaaaccacggggaggcaagtcgtaannn,13
ccccttcctattaaacctattaacatatctaatctcaaatacaaaaccacggggaggcaagtcgtaannn,13
ccccttcctattaaacctatcaacgtatctaatctcaaatacaaaaccacggggaggcaagtcgtaannn,13
ccccttcctattaaacctattaacatatctaatctcaaatacaaaaccacggggaggcaagtcgtaannn,13
ccccttcctattaaacctattaacatatctaatctcaaatacaaaaccacggggaggcaagtcgtaannn,13
cccctaattttctaatatttgtaactaaccaactaatctaccctcggggaggcaagtcgtaannnnnnnn,122
cccctaattttctaatatttgtaactaaccaactaatctaccctcggggaggcaagtcgtaannnnnnnn,122
cccctaattttctaatatttgtaactaaccaactaatctaccctcggggaggcaagtcgtaannnnnnnn,122
cccctaattttctaatatttgtaactaaccaactaatctaccctcggggaggcaagtcgtaannnnnnnn,122
cccctaattttctaatatttgtaactaaccaactaatctaccctcggggaggcaagtcgtaannnnnnnn,122
ccccaacgtacattactcaaatatttctaataacatattaatcaatacggggaggcaagtcgtaannnnn,321
ccccaacgtacattactcaaatatttctaataacatattaatcaatacggggaggcaagtcgtaannnnn,321
ccccaacgtacattactcaaatatttctaataacatattaatcaatacggggaggcaagtcgtaannnnn,321
ccccaacgtacattactcaaatatttctaataacatattaatcaatacggggaggcaagtcgtaannnnn,321
ccccaacgtacattactcaaatatttctaataacatattaatcaatacggggaggcaagtcgtaannnnn,321
cccctcaaacacccaaccacccaacataactaataacacaaacactaacgtcggggaggcaagcgtaann,0
cccctcaaacacccaaccacccaacataactaataacacaaacactaacgtcggggaggcaagcgtaann,0
cccctcaaacacccaaccacccaacataactaataacacaaacactaacgtcggggaggcaagcgtaann,0
cccctcaaacacccaaccacccaacataactaataacacaaacactaacgtcggggaggcaagcgtaann,0
cccctcaaacacccaaccacccaacataactaataacacaaacactaacgtcggggaggcaagcgtaann,0
cccctaaccaactaaaccataaattcataatacccctacctggtaaagaggagaaaagtcgtaannnnnn,132
cccctaaccaactaaaccataaattcataatacccctacctggtaaagaggagaaaagtcgtaannnnnn,132
cccctaaccaactaaaccataaattcataatacccctacctggtaaagaggagaaaagtcgtaannnnnn,132
cccctaaccaactaaaccataaattcataatacccctacctggtaaagaggagaaaagtcgtaannnnnn,132
cccctaaccaactaaaccataaattcataatacccctacctggtaaagaggagaaaagtcgtaannnnnn,132
ccccatcacctaccctactaggtaattaaccaaacatttcttcgtatcggggaggcaagtcgtaannnnn,214
ccccatcacctaccctactaggtaattaaccaaacatttcttcgtatcggggaggcaagtcgtaannnnn,214
ccccatcacctaccctactaggtaattaaccaaacatttcttcgtatcggggaggcaagtcgtaannnnn,214
ccccatcacctaccctactaggtaattaaccaaacatttcttcgtatcggggaggcaagtcgtaannnnn,214
ccccatcacctaccctactaggtaattaaccaaacatttcttcgtatcggggaggcaagtcgtaannnnn,214
ccccattacccaatacaaccaagtaaataaccaaatacacaacaaagcggggaggcaagtcgtaannnnn,115
ccccattacccaatacaaccaagtaaataaccaaatacacaacaaagcggggaggcaagtcgtaannnnn,115
ccccattacccaatacaaccaagtaaataaccaaatacacaacaaagcggggaggcaagtcgtaannnnn,115
ccccattacccaatacaaccaagtaaataaccaaatacacaacaaagcggggaggcaagtcgtaannnnn,115
ccccattacccaatacaaccaagtaaataaccaaatacacaacaaagcggggaggcaagtcgtaannnnn,115
ccccaaaatttttcaaaaataaataaataataactaaccgaaaataaaggggagacaagtcgtaannnnn,305
ccccaaaatttttcaaaaataaataaataataactaaccgaaaataaaggggagacaagtcgtaannnnn,305
ccccaaaatttttcaaaaataaataaataataactaaccgaaaataaaggggagacaagtcgtaannnnn,305
ccccaaaatttttcaaaaataaataaataataactaaccgaaaataaaggggagacaagtcgtaannnnn,305
ccccaaaatttttcaaaaataaataaataataactaaccgaaaataaaggggagacaagtcgtaannnnn,305
ccccaactttaaactaaataagtaaataaccagttattattactaacggggagataagtcgtaannnnnn,160
ccccaactttaaactaaataagtaaataaccagttattattactaacggggagataagtcgtaannnnnn,160
ccccaactttaaactaaataagtaaataaccagttattattactaacggggagataagtcgtaannnnnn,160
ccccaactttaaactaaataagtaaataaccagttattattactaacggggagataagtcgtaannnnnn,160
ccccaactttaaactaaataagtaaataaccagttattattactaacggggagataagtcgtaannnnnn,160
cctcaacagcctaaaaacattatttaatataaaatagctacaaagaggaggcaagtcgtaannnnnnnnn,213
cctcaacagcctaaaaacattatttaatataaaatagctacaaagaggaggcaagtcgtaannnnnnnnn,213
cctcaacagcctaaaaacattatttaatataaaatagctacaaagaggaggcaagtcgtaannnnnnnnn,213
cctcaacagcctaaaaacattatttaatataaaatagctacaaagaggaggcaagtcgtaannnnnnnnn,213
cctcaacagcctaaaaacattatttaatataaaatagctacaaagaggaggcaagtcgtaannnnnnnnn,213
ccccatttatatttataaccatttaaataaaaaaataacccagaaagcggggaggcaagtcgtaannnnn,40
ccccatttatatttataaccatttaaataaaaaaataacccagaaagcggggaggcaagtcgtaannnnn,40
ccccatttatatttataaccatttaaataaaaaaataacccagaaagcggggaggcaagtcgtaannnnn,40
ccccatttatatttataaccatttaaataaaaaaataacccagaaagcggggaggcaagtcgtaannnnn,40
ccccatttatatttataaccatttaaataaaaaaataacccagaaagcggggaggcaagtcgtaannnnn,40
cccccacataaaacccaaacgataaataattcatcaaaataatacatcggggaggcaagtcgtaannnnn,90
cccccacataaaacccaaacgataaataattcatcaaaataatacatcggggaggcaagtcgtaannnnn,90
cccccacataaaacccaaacgataaataattcatcaaaataatacatcggggaggcaagtcgtaannnnn,90
cccccacataaaacccaaacgataaataattcatcaaaataatacatcggggaggcaagtcgtaannnnn,90
cccccacataaaacccaaacgataaataattcatcaaaataatacatcggggaggcaagtcgtaannnnn,90
ccccgaaaacaaaattgaatataaataagccgctatgaatatagaggggaggcaagtcgtaannnnnnnn,123
ccccgaaaacaaaattgaatataaataagccgctatgaatatagaggggaggcaagtcgtaannnnnnnn,123
ccccgaaaacaaaattgaatataaataagccgctatgaatatagaggggaggcaagtcgtaannnnnnnn,123
ccccgaaaacaaaattgaatataaataagccgctatgaatatagaggggaggcaagtcgtaannnnnnnn,123
ccccgaaaacaaaattgaatataaataagccgctatgaatatagaggggaggcaagtcgtaannnnnnnn,123
ccccattttatatttataaccatttaaataaaaagacgacccaaaaagcggggaggcaagtcgtaannnn,42
ccccattttatatttataaccatttaaataaaaagacgacccaaaaagcggggaggcaagtcgtaannnn,42
ccccattttatatttataaccatttaaataaaaagacgacccaaaaagcggggaggcaagtcgtaannnn,42
ccccattttatatttataaccatttaaataaaaagacgacccaaaaagcggggaggcaagtcgtaannnn,42
ccccattttatatttataaccatttaaataaaaagacgacccaaaaagcggggaggcaagtcgtaannnn,42
ccccttaccctttaactccaacaaaatcactaataagttaactcttacctgcggggaggcaagtcgtaan,167
ccccttaccctttaactccaacaaaatcactaataagttaactcttacctgcggggaggcaagtcgtaan,167
ccccttaccctttaactccaacaaaatcactaataagttaactcttacctgcggggaggcaagtcgtaan,167
ccccttaccctttaactccaacaaaatcactaataagttaactcttacctgcggggaggcaagtcgtaan,167
ccccttaccctttaactccaacaaaatcactaataagttaactcttacctgcggggaggcaagtcgtaan,167
ccccttcacctacctacacaagtaaataaccagaaacacttcacagcggggaggcaagtcgtannnnnnn,262
ccccttcacctacctacacaagtaaataaccagaaacacttcacagcggggaggcaagtcgtannnnnnn,262
ccccttcacctacctacacaagtaaataaccagaaacacttcacagcggggaggcaagtcgtannnnnnn,262
ccccttcacctacctacacaagtaaataaccagaaacacttcacagcggggaggcaagtcgtannnnnnn,262
ccccttcacctacctacacaagtaaataaccagaaacacttcacagcggggaggcaagtcgtannnnnnn,262
ccccgtacaaaaccaaaaagtatataaccccacactaacacaataaggggaggcaagtcgtaannnnnnn,2
ccccgtacaaaaccaaaaagtatataaccccacactaacacaataaggggaggcaagtcgtaannnnnnn,2
ccccgtacaaaaccaaaaagtatataaccccacactaacacaataaggggaggcaagtcgtaannnnnnn,2
ccccgtacaaaaccaaaaagtatataaccccacactaacacaataaggggaggcaagtcgtaannnnnnn,2
ccccgtacaaaaccaaaaagtatataaccccacactaacacaataaggggaggcaagtcgtaannnnnnn,2
ccccataaaattaaattcatagtatctaaccagacaaaaagaaatagcggggaggcaagtcgtaannnnn,198
ccccataaaattaaattcatagtatctaaccagacaaaaagaaatagcggggaggcaagtcgtaannnnn,198
ccccataaaattaaattcatagtatctaaccagacaaaaagaaatagcggggaggcaagtcgtaannnnn,198
ccccataaaattaaattcatagtatctaaccagacaaaaagaaatagcggggaggcaagtcgtaannnnn,198
ccccataaaattaaattcatagtatctaaccagacaaaaagaaatagcggggaggcaagtcgtaannnnn,198
ccccgactaacataataacccatatattaatacattagccaataacaaggggaggcaagtcgtannnnnn,296
ccccgactaacataataacccatatattaatacattagccaataacaaggggaggcaagtcgtannnnnn,296
ccccgactaacataataacccatatattaatacattagccaataacaaggggaggcaagtcgtannnnnn,296
ccccgactaacataataacccatatattaatacattagccaataacaaggggaggcaagtcgtannnnnn,296
ccccgactaacataataacccatatattaatacattagccaataacaaggggaggcaagtcgtannnnnn,296
ccctattcaactactaacaactatataaatataaatatatgatccagggaggaaagtcgtaannnnnnnn,34
ccctattcaactactaacaactatataaatataaatatatgatccagggaggaaagtcgtaannnnnnnn,34
ccctattcaactactaacaactatataaatataaatatatgatccagggaggaaagtcgtaannnnnnnn,34
ccctattcaactactaacaactatataaatataaatatatgatccagggaggaaagtcgtaannnnnnnn,34
ccctattcaactactaacaactatataaatataaatatatgatccagggaggaaagtcgtaannnnnnnn,34
ccccccaaaaattacttcagtaaataacccataaaataaaaacccggggaggcaagtcgtaannnnnnnn,70
ccccccaaaaattacttcagtaaataacccataaaataaaaacccggggaggcaagtcgtaannnnnnnn,70
ccccccaaaaattacttcagtaaataacccataaaataaaaacccggggaggcaagtcgtaannnnnnnn,70
ccccccaaaaattacttcagtaaataacccataaaataaaaacccggggaggcaagtcgtaannnnnnnn,70
ccccccaaaaattacttcagtaaataacccataaaataaaaacccggggaggcaagtcgtaannnnnnnn,70
ccctgacccaacattcaaagattaagcatctttccggcaaaggggaggcaagtcgtaannnnnnnnnnnn,206
ccctgacccaacattcaaagattaagcatctttccggcaaaggggaggcaagtcgtaannnnnnnnnnnn,206
ccctgacccaacattcaaagattaagcatctttccggcaaaggggaggcaagtcgtaannnnnnnnnnnn,206
ccctgacccaacattcaaagattaagcatctttccggcaaaggggaggcaagtcgtaannnnnnnnnnnn,206
ccctgacccaacattcaaagattaagcatctttccggcaaaggggaggcaagtcgtaannnnnnnnnnnn,206
ccccacataaatataaatcaaacaatccctaataacccaactaccaatacggggaggcaagtcgtaannn,168
ccccacataaatataaatcaaacaatccctaataacccaactaccaatacggggaggcaagtcgtaannn,168
ccccacataaatataaatcaaacaatccctaataacccaactaccaatacggggaggcaagtcgtaannn,168
ccccacataaatataaatcaaacaatccctaataacccaactaccaatacggggaggcaagtcgtaannn,168
ccccacataaatataaatcaaacaatccctaataacccaactaccaatacggggaggcaagtcgtaannn,168
ccccacagcacaaaatacaataattaataaattaatagcacttaaaggggaggcaagtcgtaannnnnnn,174
ccccacagcacaaaatacaataattaataaattaatagcacttaaaggggaggcaagtcgtaannnnnnn,174
ccccacagcacaaaatacaataattaataaattaatagcacttaaaggggaggcaagtcgtaannnnnnn,174
ccccacagcacaaaatacaataattaataaattaatagcacttaaaggggaggcaagtcgtaannnnnnn,174
ccccacagcacaaaatacaataattaataaattaatagcacttaaaggggaggcaagtcgtaannnnnnn,174
cccctcccgcacattttaatgcaaccatcggggaggcaagtcgtaannnnnnnnnnnnnnnnnnnnnnnn,45
cccctcccgcacattttaatgcaaccatcggggaggcaagtcgtaannnnnnnnnnnnnnnnnnnnnnnn,45
cccctcccgcacattttaatgcaaccatcggggaggcaagtcgtaannnnnnnnnnnnnnnnnnnnnnnn,45
cccctcccgcacattttaatgcaaccatcggggaggcaagtcgtaannnnnnnnnnnnnnnnnnnnnnnn,45
cccctcccgcacattttaatgcaaccatcggggaggcaagtcgtaannnnnnnnnnnnnnnnnnnnnnnn,45
ccccaaaacaaccaaactcaattaattaatatcttaactgtaacagaggggaggcaagtcgtaannnnnn,276
ccccaaaacaaccaaactcaattaattaatatcttaactgtaacagaggggaggcaagtcgtaannnnnn,276
ccccaaaacaaccaaactcaattaattaatatcttaactgtaacagaggggaggcaagtcgtaannnnnn,276
ccccaaaacaaccaaactcaattaattaatatcttaactgtaacagaggggaggcaagtcgtaannnnnn,276
ccccaaaacaaccaaactcaattaattaatatcttaactgtaacagaggggaggcaagtcgtaannnnnn,276
ctcctctcaactcacaacttagtatttaacacattaacatgaattcgggggggcaagtcgtaannnnnnn,21
ctcctctcaactcacaacttagtatttaacacattaacatgaattcgggggggcaagtcgtaannnnnnn,21
ctcctctcaactcacaacttagtatttaacacattaacatgaattcgggggggcaagtcgtaannnnnnn,21
ctcctctcaactcacaacttagtatttaacacattaacatgaattcgggggggcaagtcgtaannnnnnn,21
ctcctctcaactcacaacttagtatttaacacattaacatgaattcgggggggcaagtcgtaannnnnnn,21
ccccatcacccaataaccaagtaaataacaacaaaccaatgaaagcggggaggcaagtcgtaannnnnnn,63
ccccatcacccaataaccaagtaaataacaacaaaccaatgaaagcggggaggcaagtcgtaannnnnnn,63
ccccatcacccaataaccaagtaaataacaacaaaccaatgaaagcggggaggcaagtcgtaannnnnnn,63
ccccatcacccaataaccaagtaaataacaacaaaccaatgaaagcggggaggcaagtcgtaannnnnnn,63
ccccatcacccaataaccaagtaaataacaacaaaccaatgaaagcggggaggcaagtcgtaannnnnnn,63
tcccgtctaaaaatcttcaactacttaaacaactaaacatcacatagggaaggtaagtcgtaannnnnnn,138
tcccgtctaaaaatcttcaactacttaaacaactaaacatcacatagggaaggtaagtcgtaannnnnnn,138
tcccgtctaaaaatcttcaactacttaaacaactaaacatcacatagggaaggtaagtcgtaannnnnnn,138
tcccgtctaaaaatcttcaactacttaaacaactaaacatcacatagggaaggtaagtcgtaannnnnnn,138
tcccgtctaaaaatcttcaactacttaaacaactaaacatcacatagggaaggtaagtcgtaannnnnnn,138
cccccacaaaacttaaaacaagtaaataaccaaatattatactaacggggaggcaagtcgtaannnnnnn,172
cccccacaaaacttaaaacaagtaaataaccaaatattatactaacggggaggcaagtcgtaannnnnnn,172
cccccacaaaacttaaaacaagtaaataaccaaatattatactaacggggaggcaagtcgtaannnnnnn,172
cccccacaaaacttaaaacaagtaaataaccaaatattatactaacggggaggcaagtcgtaannnnnnn,172
cccccacaaaacttaaaacaagtaaataaccaaatattatactaacggggaggcaagtcgtaannnnnnn,172
ccccattttatatttataaccatttaaataaaaaaataacccagaaagcggggaggcaagtcgtaannnn,41
ccccattttatatttataaccatttaaataaaaaaataacccagaaagcggggaggcaagtcgtaannnn,41
ccccattttatatttataaccatttaaataaaaaaataacccagaaagcggggaggcaagtcgtaannnn,41
ccccattttatatttataaccatttaaataaaaaaataacccagaaagcggggaggcaagtcgtaannnn,41
ccccattttatatttataaccatttaaataaaaaaataacccagaaagcggggaggcaagtcgtaannnn,41
ccccaacgagtaaaccataatattattaataaaatatatatcaacacggggaggcaagtcgtaannnnnn,356
ccccaacgagtaaaccataatattattaataaaatatatatcaacacggggaggcaagtcgtaannnnnn,356
ccccaacgagtaaaccataatattattaataaaatatatatcaacacggggaggcaagtcgtaannnnnn,356
ccccaacgagtaaaccataatattattaataaaatatatatcaacacggggaggcaagtcgtaannnnnn,356
ccccaacgagtaaaccataatattattaataaaatatatatcaacacggggaggcaagtcgtaannnnnn,356
cccctatagactataaacacgtaagtaaccaaaaactcacacaaacggggagataagtcgtaannnnnnn,180
cccctatagactataaacacgtaagtaaccaaaaactcacacaaacggggagataagtcgtaannnnnnn,180
cccctatagactataaacacgtaagtaaccaaaaactcacacaaacggggagataagtcgtaannnnnnn,180
cccctatagactataaacacgtaagtaaccaaaaactcacacaaacggggagataagtcgtaannnnnnn,180
cccctatagactataaacacgtaagtaaccaaaaactcacacaaacggggagataagtcgtaannnnnnn,180
ccccacaataaataaattcctcatatataatgacataaaaaaattacggggaggcaagtcgtaannnnnn,50
ccccacaataaataaattcctcatatataatgacataaaaaaattacggggaggcaagtcgtaannnnnn,50
ccccacaataaataaattcctcatatataatgacataaaaaaattacggggaggcaagtcgtaannnnnn,50
ccccacaataaataaattcctcatatataatgacataaaaaaattacggggaggcaagtcgtaannnnnn,50
ccccacaataaataaattcctcatatataatgacataaaaaaattacggggaggcaagtcgtaannnnnn,50
ccccacataaactcaaatcacgctatataacacaactcacttaaaccaggagaggcaagtcgtaannnnn,194
ccccacataaactcaaatcacgctatataacacaactcacttaaaccaggagaggcaagtcgtaannnnn,194
ccccacataaactcaaatcacgctatataacacaactcacttaaaccaggagaggcaagtcgtaannnnn,194
ccccacataaactcaaatcacgctatataacacaactcacttaaaccaggagaggcaagtcgtaannnnn,194
ccccacataaactcaaatcacgctatataacacaactcacttaaaccaggagaggcaagtcgtaannnnn,194
ccccattcaactacaaaccaagtattttaacacacaacctcagatccggggaggcaagtcgtaannnnnn,353
ccccattcaactacaaaccaagtattttaacacacaacctcagatccggggaggcaagtcgtaannnnnn,353
ccccattcaactacaaaccaagtattttaacacacaacctcagatccggggaggcaagtcgtaannnnnn,353
ccccattcaactacaaaccaagtattttaacacacaacctcagatccggggaggcaagtcgtaannnnnn,353
ccccattcaactacaaaccaagtattttaacacacaacctcagatccggggaggcaagtcgtaannnnnn,353
ccacaatacccaataaatttatataaataattccactacctggtatttactgaggaggcaagtcgtaann,102
ccacaatacccaataaatttatataaataattccactacctggtatttactgaggaggcaagtcgtaann,102
ccacaatacccaataaatttatataaataattccactacctggtatttactgaggaggcaagtcgtaann,102
ccacaatacccaataaatttatataaataattccactacctggtatttactgaggaggcaagtcgtaann,102
ccacaatacccaataaatttatataaataattccactacctggtatttactgaggaggcaagtcgtaann,102
ccccattacctaatatacccaagtaaataaccaaatacacaacaaagcggggaggcaagtcgtaannnnn,112
ccccattacctaatatacccaagtaaataaccaaatacacaacaaagcggggaggcaagtcgtaannnnn,112
ccccattacctaatatacccaagtaaataaccaaatacacaacaaagcggggaggcaagtcgtaannnnn,112
ccccattacctaatatacccaagtaaataaccaaatacacaacaaagcggggaggcaagtcgtaannnnn,112
ccccattacctaatatacccaagtaaataaccaaatacacaacaaagcggggaggcaagtcgtaannnnn,112
ccccaccaccaccacataactattcctaatacttgaataaagacacggggaggcaagtcgtaannnnnnn,230
ccccaccaccaccacataactattcctaatacttgaataaagacacggggaggcaagtcgtaannnnnnn,230
ccccaccaccaccacataactattcctaatacttgaataaagacacggggaggcaagtcgtaannnnnnn,230
ccccaccaccaccacataactattcctaatacttgaataaagacacggggaggcaagtcgtaannnnnnn,230
ccccaccaccaccacataactattcctaatacttgaataaagacacggggaggcaagtcgtaannnnnnn,230
cccctaccaatataataacccatatattaataacacaaccaatagcacggggaggcaagtcgtannnnnn,292
cccctaccaatataataacccatatattaataacacaaccaatagcacggggaggcaagtcgtannnnnn,292
cccctaccaatataataacccatatattaataacacaaccaatagcacggggaggcaagtcgtannnnnn,292
cccctaccaatataataacccatatattaataacacaaccaatagcacggggaggcaagtcgtannnnnn,292
cccctaccaatataataacccatatattaataacacaaccaatagcacggggaggcaagtcgtannnnnn,292
ccccatcacctgccttactaggtaaataaccaattatcctttatattcggggaggcaagtcgtaannnnn,215
ccccatcacctgccttactaggtaaataaccaattatcctttatattcggggaggcaagtcgtaannnnn,215
ccccatcacctgccttactaggtaaataaccaattatcctttatattcggggaggcaagtcgtaannnnn,215
ccccatcacctgccttactaggtaaataaccaattatcctttatattcggggaggcaagtcgtaannnnn,215
ccccatcacctgccttactaggtaaataaccaattatcctttatattcggggaggcaagtcgtaannnnn,215
cctcaaaacaacccaataagatctataaaaaaacttaacaccaagaggaggcaagtcgtaannnnnnnnn,311
cctcaaaacaacccaataagatctataaaaaaacttaacaccaagaggaggcaagtcgtaannnnnnnnn,311
cctcaaaacaacccaataagatctataaaaaaacttaacaccaagaggaggcaagtcgtaannnnnnnnn,311
cctcaaaacaacccaataagatctataaaaaaacttaacaccaagaggaggcaagtcgtaannnnnnnnn,311
cctcaaaacaacccaataagatctataaaaaaacttaacaccaagaggaggcaagtcgtaannnnnnnnn,311
cccccacacaaaccacaatctaacatcactaataacataatcatcaatacggggaggcaagtcgtaannn,300
cccccacacaaaccacaatctaacatcactaataacataatcatcaatacggggaggcaagtcgtaannn,300
cccccacacaaaccacaatctaacatcactaataacataatcatcaatacggggaggcaagtcgtaannn,300
cccccacacaaaccacaatctaacatcactaataacataatcatcaatacggggaggcaagtcgtaannn,300
cccccacacaaaccacaatctaacatcactaataacataatcatcaatacggggaggcaagtcgtaannn,300
ccccattcattaacttaacaagtaattaactaaatacataaaccagcggggaggcaagtcgtaannnnnn,173
ccccattcattaacttaacaagtaattaactaaatacataaaccagcggggaggcaagtcgtaannnnnn,173
ccccattcattaacttaacaagtaattaactaaatacataaaccagcggggaggcaagtcgtaannnnnn,173
ccccattcattaacttaacaagtaattaactaaatacataaaccagcggggaggcaagtcgtaannnnnn,173
ccccattcattaacttaacaagtaattaactaaatacataaaccagcggggaggcaagtcgtaannnnnn,173
ccccatgcccaacttattaagtaaataaccaaacattcttcatgtcggggaggcaagtcgtannnnnnnn,342
ccccatgcccaacttattaagtaaataaccaaacattcttcatgtcggggaggcaagtcgtannnnnnnn,342
ccccatgcccaacttattaagtaaataaccaaacattcttcatgtcggggaggcaagtcgtannnnnnnn,342
ccccatgcccaacttattaagtaaataaccaaacattcttcatgtcggggaggcaagtcgtannnnnnnn,342
ccccatgcccaacttattaagtaaataaccaaacattcttcatgtcggggaggcaagtcgtannnnnnnn,342
ccccacaaagttcaattcaagtaattaaccaaccaaaatttaaagcggggaggcaagtcgtaannnnnnn,360
ccccacaaagttcaattcaagtaattaaccaaccaaaatttaaagcggggaggcaagtcgtaannnnnnn,360
ccccacaaagttcaattcaagtaattaaccaaccaaaatttaaagcggggaggcaagtcgtaannnnnnn,360
ccccacaaagttcaattcaagtaattaaccaaccaaaatttaaagcggggaggcaagtcgtaannnnnnn,360
ccccacaaagttcaattcaagtaattaaccaaccaaaatttaaagcggggaggcaagtcgtaannnnnnn,360
cccctatcttactacaaactaattatatttaattaataaaacaaaactacggggaggcaagtcgtaannn,146
cccctatcttactacaaactaattatatttaattaataaaacaaaactacggggaggcaagtcgtaannn,146
cccctatcttactacaaactaattatatttaattaataaaacaaaactacggggaggcaagtcgtaannn,146
cccctatcttactacaaactaattatatttaattaataaaacaaaactacggggaggcaagtcgtaannn,146
cccctatcttactacaaactaattatatttaattaataaaacaaaactacggggaggcaagtcgtaannn,146
ccccaactttgaaccaagataagttaataaccaaataattatcattaacggggagataagtcgtannnnn,249
ccccaactttgaaccaagataagttaataaccaaataattatcattaacggggagataagtcgtannnnn,249
ccccaactttgaaccaagataagttaataaccaaataattatcattaacggggagataagtcgtannnnn,249
ccccaactttgaaccaagataagttaataaccaaataattatcattaacggggagataagtcgtannnnn,249
ccccaactttgaaccaagataagttaataaccaaataattatcattaacggggagataagtcgtannnnn,249
ccccgactaaaccataataagtaaataaccagataacttctacaaaaggggagataagtcgtaannnnnn,260
ccccgactaaaccataataagtaaataaccagataacttctacaaaaggggagataagtcgtaannnnnn,260
ccccgactaaaccataataagtaaataaccagataacttctacaaaaggggagataagtcgtaannnnnn,260
ccccgactaaaccataataagtaaataaccagataacttctacaaaaggggagataagtcgtaannnnnn,260
ccccgactaaaccataataagtaaataaccagataacttctacaaaaggggagataagtcgtaannnnnn,260
ccccatcttacccataactaattaaataaaatattaacctatgaaacggggaggcaagtcgtaannnnnn,95
ccccatcttacccataactaattaaataaaatattaacctatgaaacggggaggcaagtcgtaannnnnn,95
ccccatcttacccataactaattaaataaaatattaacctatgaaacggggaggcaagtcgtaannnnnn,95
ccccatcttacccataactaattaaataaaatattaacctatgaaacggggaggcaagtcgtaannnnnn,95
ccccatcttacccataactaattaaataaaatattaacctatgaaacggggaggcaagtcgtaannnnnn,95
tcctaaaatagaccgaaacaattaaataattacttcaacctatgtagagaagggggggaagtcgtannnn,275
tcctaaaatagaccgaaacaattaaataattacttcaacctatgtagagaagggggggaagtcgtannnn,275
tcctaaaatagaccgaaacaattaaataattacttcaacctatgtagagaagggggggaagtcgtannnn,275
tcctaaaatagaccgaaacaattaaataattacttcaacctatgtagagaagggggggaagtcgtannnn,275
tcctaaaatagaccgaaacaattaaataattacttcaacctatgtagagaagggggggaagtcgtannnn,275
ccctattttaagataatattaagtatataaccaaaaagccccaaaagcagggaggcaagtcgtannnnnn,109
ccctattttaagataatattaagtatataaccaaaaagccccaaaagcagggaggcaagtcgtannnnnn,109
ccctattttaagataatattaagtatataaccaaaaagccccaaaagcagggaggcaagtcgtannnnnn,109
ccctattttaagataatattaagtatataaccaaaaagccccaaaagcagggaggcaagtcgtannnnnn,109
ccctattttaagataatattaagtatataaccaaaaagccccaaaagcagggaggcaagtcgtannnnnn,109
cccctttccattatcactaaccaattataattaattattaacataaatttacggggaggcaagtcgtann,143
cccctttccattatcactaaccaattataattaattattaacataaatttacggggaggcaagtcgtann,143
cccctttccattatcactaaccaattataattaattattaacataaatttacggggaggcaagtcgtann,143
cccctttccattatcactaaccaattataattaattattaacataaatttacggggaggcaagtcgtann,143
cccctttccattatcactaaccaattataattaattattaacataaatttacggggaggcaagtcgtann,143
cccctttctattaccccaactaatcatacataatcatctacacaaactccaggggaggcaagtcgtaann,241
cccctttctattaccccaactaatcatacataatcatctacacaaactccaggggaggcaagtcgtaann,241
cccctttctattaccccaactaatcatacataatcatctacacaaactccaggggaggcaagtcgtaann,241
cccctttctattaccccaactaatcatacataatcatctacacaaactccaggggaggcaagtcgtaann,241
cccctttctattaccccaactaatcatacataatcatctacacaaactccaggggaggcaagtcgtaann,241
ccccttcctaccacaatcaactaaatataattaattacccacattaaactacggggaggcaagtcgtaan,188
ccccttcctaccacaatcaactaaatataattaattacccacattaaactacggggaggcaagtcgtaan,188
ccccttcctaccacaatcaactaaatataattaattacccacattaaactacggggaggcaagtcgtaan,188
ccccttcctaccacaatcaactaaatataattaattacccacattaaactacggggaggcaagtcgtaan,188
ccccttcctaccacaatcaactaaatataattaattacccacattaaactacggggaggcaagtcgtaan,188
ccctttcccatttaaccaactaaacatacctaattttacataaaaaccacggggaggcaagtcgtaannn,135
ccctttcccatttaaccaactaaacatacctaattttacataaaaaccacggggaggcaagtcgtaannn,135
ccctttcccatttaaccaactaaacatacctaattttacataaaaaccacggggaggcaagtcgtaannn,135
ccctttcccatttaaccaactaaacatacctaattttacataaaaaccacggggaggcaagtcgtaannn,135
ccctttcccatttaaccaactaaacatacctaattttacataaaaaccacggggaggcaagtcgtaannn,135
ccccacaataaacaaattcctcatatataataacataaaaaaattacggggaggcaagtcgtaannnnnn,52
ccccacaataaacaaattcctcatatataataacataaaaaaattacggggaggcaagtcgtaannnnnn,52
ccccacaataaacaaattcctcatatataataacataaaaaaattacggggaggcaagtcgtaannnnnn,52
ccccacaataaacaaattcctcatatataataacataaaaaaattacggggaggcaagtcgtaannnnnn,52
ccccacaataaacaaattcctcatatataataacataaaaaaattacggggaggcaagtcgtaannnnnn,52
ccctaacttaaatctttacactcaaacgtaaataaccaaataaaccagaaagcagggaggcaagtcgtaa,66
ccctaacttaaatctttacactcaaacgtaaataaccaaataaaccagaaagcagggaggcaagtcgtaa,66
ccctaacttaaatctttacactcaaacgtaaataaccaaataaaccagaaagcagggaggcaagtcgtaa,66
ccctaacttaaatctttacactcaaacgtaaataaccaaataaaccagaaagcagggaggcaagtcgtaa,66
ccctaacttaaatctttacactcaaacgtaaataaccaaataaaccagaaagcagggaggcaagtcgtaa,66
tcccgtctaaaatcccccaattacttaaacaacgatacaccacatagggaaggtaagtcgtaannnnnnn,141
tcccgtctaaaatcccccaattacttaaacaacgatacaccacatagggaaggtaagtcgtaannnnnnn,141
tcccgtctaaaatcccccaattacttaaacaacgatacaccacatagggaaggtaagtcgtaannnnnnn,141
tcccgtctaaaatcccccaattacttaaacaacgatacaccacatagggaaggtaagtcgtaannnnnnn,141
tcccgtctaaaatcccccaattacttaaacaacgatacaccacatagggaaggtaagtcgtaannnnnnn,141
ccccatcacaattaaatcattcatacttaagtatacaacaaaaaattcggggaggcaagtcgtaannnnn,227
ccccatcacaattaaatcattcatacttaagtatacaacaaaaaattcggggaggcaagtcgtaannnnn,227
ccccatcacaattaaatcattcatacttaagtatacaacaaaaaattcggggaggcaagtcgtaannnnn,227
ccccatcacaattaaatcattcatacttaagtatacaacaaaaaattcggggaggcaagtcgtaannnnn,227
ccccatcacaattaaatcattcatacttaagtatacaacaaaaaattcggggaggcaagtcgtaannnnn,227
ccccgacatcaaacaaacaagtaaataaccaaatatctttaaaacaaggggaggcaagtcgtaannnnnn,166
ccccgacatcaaacaaacaagtaaataaccaaatatctttaaaacaaggggaggcaagtcgtaannnnnn,166
ccccgacatcaaacaaacaagtaaataaccaaatatctttaaaacaaggggaggcaagtcgtaannnnnn,166
ccccgacatcaaacaaacaagtaaataaccaaatatctttaaaacaaggggaggcaagtcgtaannnnnn,166
ccccgacatcaaacaaacaagtaaataaccaaatatctttaaaacaaggggaggcaagtcgtaannnnnn,166
ccccatcaccaccaacctaactatttataataattatgaaacaatacggggaggcaagtcgtaannnnnn,338
ccccatcaccaccaacctaactatttataataattatgaaacaatacggggaggcaagtcgtaannnnnn,338
ccccatcaccaccaacctaactatttataataattatgaaacaatacggggaggcaagtcgtaannnnnn,338
ccccatcaccaccaacctaactatttataataattatgaaacaatacggggaggcaagtcgtaannnnnn,338
ccccatcaccaccaacctaactatttataataattatgaaacaatacggggaggcaagtcgtaannnnnn,338
cccccaccaaataaacccaacaaactttttaaacccacaactaacagcacggggaggcaagtcgtaannn,29
cccccaccaaataaacccaacaaactttttaaacccacaactaacagcacggggaggcaagtcgtaannn,29
cccccaccaaataaacccaacaaactttttaaacccacaactaacagcacggggaggcaagtcgtaannn,29
cccccaccaaataaacccaacaaactttttaaacccacaactaacagcacggggaggcaagtcgtaannn,29
cccccaccaaataaacccaacaaactttttaaacccacaactaacagcacggggaggcaagtcgtaannn,29
ccccaacaaaactgaactaagtaaataaccaataaattatactaacggggagataagtcgtaannnnnnn,24
ccccaacaaaactgaactaagtaaataaccaataaattatactaacggggagataagtcgtaannnnnnn,24
ccccaacaaaactgaactaagtaaataaccaataaattatactaacggggagataagtcgtaannnnnnn,24
ccccaacaaaactgaactaagtaaataaccaataaattatactaacggggagataagtcgtaannnnnnn,24
ccccaacaaaactgaactaagtaaataaccaataaattatactaacggggagataagtcgtaannnnnnn,24
ccctgtccccataacttaaagactaagcatgtctttcccggtaaaagggaggcaagtcgtaannnnnnnn,72
ccctgtccccataacttaaagactaagcatgtctttcccggtaaaagggaggcaagtcgtaannnnnnnn,72
ccctgtccccataacttaaagactaagcatgtctttcccggtaaaagggaggcaagtcgtaannnnnnnn,72
ccctgtccccataacttaaagactaagcatgtctttcccggtaaaagggaggcaagtcgtaannnnnnnn,72
ccctgtccccataacttaaagactaagcatgtctttcccggtaaaagggaggcaagtcgtaannnnnnnn,72
cccctactccatataacctcaaccaaacatttactaaaaacataacttacacacggggaggcaagtcgta,322
cccctactccatataacctcaaccaaacatttactaaaaacataacttacacacggggaggcaagtcgta,322
cccctactccatataacctcaaccaaacatttactaaaaacataacttacacacggggaggcaagtcgta,322
cccctactccatataacctcaaccaaacatttactaaaaacataacttacacacggggaggcaagtcgta,322
cccctactccatataacctcaaccaaacatttactaaaaacataacttacacacggggaggcaagtcgta,322
ccccaacataattagattagttctataacccgttaacttacaccacggggagataagtcgtaannnnnnn,155
ccccaacataattagattagttctataacccgttaacttacaccacggggagataagtcgtaannnnnnn,155
ccccaacataattagattagttctataacccgttaacttacaccacggggagataagtcgtaannnnnnn,155
ccccaacataattagattagttctataacccgttaacttacaccacggggagataagtcgtaannnnnnn,155
ccccaacataattagattagttctataacccgttaacttacaccacggggagataagtcgtaannnnnnn,155
ccccagactcaacataaacccataactcttattcatcatcaaaccccacggggagacaagtcgtaannnn,99
ccccagactcaacataaacccataactcttattcatcatcaaaccccacggggagacaagtcgtaannnn,99
ccccagactcaacataaacccataactcttattcatcatcaaaccccacggggagacaagtcgtaannnn,99
ccccagactcaacataaacccataactcttattcatcatcaaaccccacggggagacaagtcgtaannnn,99
ccccagactcaacataaacccataactcttattcatcatcaaaccccacggggagacaagtcgtaannnn,99
